time,f1,f2,f3,f107,kp,f107_norm,kp_norm,f1_Hz,f2_Hz,f3_Hz
2016-01-01,7.8501648492260925,14.260935717881557,20.957302639896906,103.64,3.25,0.03640000000000001,0.65,7.8501648492260925,14.260935717881557,20.957302639896906
2016-01-02,7.850378604667241,14.178595675120327,20.884392251422632,103.64,2.20825,0.03640000000000001,0.44165,7.850378604667241,14.178595675120327,20.884392251422632
2016-01-03,7.805212618925123,14.168325343249949,20.802400717360662,103.64,1.583375,0.03640000000000001,0.316675,7.805212618925123,14.168325343249949,20.802400717360662
2016-01-04,7.8120202224536,14.261081350272093,20.883589916552214,103.64,1.166875,0.03640000000000001,0.23337500000000003,7.8120202224536,14.261081350272093,20.883589916552214
2016-01-05,7.797846714080229,14.240384581006944,20.946359289212904,103.64,1.416625,0.03640000000000001,0.283325,7.797846714080229,14.240384581006944,20.946359289212904
2016-01-06,7.8835378589261484,14.358783340063274,20.87294465119728,103.64,3.041625,0.03640000000000001,0.608325,7.8835378589261484,14.358783340063274,20.87294465119728
2016-01-07,7.88902088591339,14.281949377964189,20.92999684724851,103.64,2.7083749999999998,0.03640000000000001,0.5416749999999999,7.88902088591339,14.281949377964189,20.92999684724851
2016-01-08,7.738820917318124,14.282239818387913,20.932208644955235,103.64,1.7915,0.03640000000000001,0.3583,7.738820917318124,14.282239818387913,20.932208644955235
2016-01-09,7.8020278505878,14.334414531291186,20.79847265249219,103.64,1.375,0.03640000000000001,0.275,7.8020278505878,14.334414531291186,20.79847265249219
2016-01-10,7.922126568232742,14.364754821231994,20.59173333915468,103.64,1.95825,0.03640000000000001,0.39165,7.922126568232742,14.364754821231994,20.59173333915468
2016-01-11,7.792103506421916,14.381198269767879,20.938003206663883,103.64,2.583375,0.03640000000000001,0.516675,7.792103506421916,14.381198269767879,20.938003206663883
2016-01-12,7.783752956719813,14.125391331552338,20.98582312352327,103.64,2.666625,0.03640000000000001,0.5333249999999999,7.783752956719813,14.125391331552338,20.98582312352327
2016-01-13,7.880459161098224,14.336980277317526,20.889377205866456,103.64,2.541625,0.03640000000000001,0.5083249999999999,7.880459161098224,14.336980277317526,20.889377205866456
2016-01-14,7.838021883458827,14.26601084432086,20.879985792053517,103.64,1.91675,0.03640000000000001,0.38334999999999997,7.838021883458827,14.26601084432086,20.879985792053517
2016-01-15,7.855425946059714,14.219643915667493,20.79497751533008,103.64,1.16675,0.03640000000000001,0.23335,7.855425946059714,14.219643915667493,20.79497751533008
2016-01-16,7.847775877933117,14.475448027706857,20.76021795320039,103.64,0.6248750000000001,0.03640000000000001,0.12497500000000002,7.847775877933117,14.475448027706857,20.76021795320039
2016-01-17,7.954071126761811,14.445977217962866,20.863242001867153,103.64,0.666625,0.03640000000000001,0.133325,7.954071126761811,14.445977217962866,20.863242001867153
2016-01-18,7.7987006406906625,14.304904550022881,20.84335593174721,103.64,0.833375,0.03640000000000001,0.166675,7.7987006406906625,14.304904550022881,20.84335593174721
2016-01-19,7.833722669541972,14.24345609477041,20.813125384312517,103.64,1.999875,0.03640000000000001,0.399975,7.833722669541972,14.24345609477041,20.813125384312517
2016-01-20,7.891769890381883,14.422711248497723,20.806458860860573,103.64,3.541625,0.03640000000000001,0.708325,7.891769890381883,14.422711248497723,20.806458860860573
2016-01-21,7.797691523606063,14.324386531699435,20.816535007197764,103.64,4.125125000000001,0.03640000000000001,0.8250250000000001,7.797691523606063,14.324386531699435,20.816535007197764
2016-01-22,7.808224533095725,14.174322128028816,20.81925458412299,103.64,2.7498750000000003,0.03640000000000001,0.5499750000000001,7.808224533095725,14.174322128028816,20.81925458412299
2016-01-23,7.888595497759422,14.381661636097725,20.812432312977243,103.64,2.375,0.03640000000000001,0.475,7.888595497759422,14.381661636097725,20.812432312977243
2016-01-24,7.816321428127276,14.360613424148722,20.956205689370844,103.64,2.041625,0.03640000000000001,0.40832499999999994,7.816321428127276,14.360613424148722,20.956205689370844
2016-01-25,7.838538462979948,14.333129935124227,20.88999861409182,103.64,0.2915,0.03640000000000001,0.0583,7.838538462979948,14.333129935124227,20.88999861409182
2016-01-26,7.788967382704408,14.332591162438074,20.88237247627239,103.64,0.833375,0.03640000000000001,0.166675,7.788967382704408,14.332591162438074,20.88237247627239
2016-01-27,7.881781389969711,14.088416486360444,20.75196499013199,103.64,0.916625,0.03640000000000001,0.18332500000000002,7.881781389969711,14.088416486360444,20.75196499013199
2016-01-28,7.874376726259581,14.249238974674958,20.7442540738009,103.64,1.041625,0.03640000000000001,0.208325,7.874376726259581,14.249238974674958,20.7442540738009
2016-01-29,7.8485387328703675,14.250152777838895,20.825602459471217,103.64,0.5835,0.03640000000000001,0.1167,7.8485387328703675,14.250152777838895,20.825602459471217
2016-01-30,7.81291692611819,14.36644626736002,21.10620397187288,103.64,0.33325,0.03640000000000001,0.06665,7.81291692611819,14.36644626736002,21.10620397187288
2016-01-31,7.9053705485618915,14.430039816545849,20.879879984905124,103.64,2.083375,0.03640000000000001,0.416675,7.9053705485618915,14.430039816545849,20.879879984905124
2016-02-01,7.88979460536654,14.406353312523674,20.80852210106271,103.71,1.45825,0.03709999999999994,0.29165,7.88979460536654,14.406353312523674,20.80852210106271
2016-02-02,7.885085179060875,14.28389216697301,20.884462185372698,103.71,1.208375,0.03709999999999994,0.241675,7.885085179060875,14.28389216697301,20.884462185372698
2016-02-03,7.836373789977477,14.456160407754068,20.757455752362834,103.71,1.875125,0.03709999999999994,0.375025,7.836373789977477,14.456160407754068,20.757455752362834
2016-02-04,7.817454763654266,14.321795061801678,20.95020909107253,103.71,1.20825,0.03709999999999994,0.24165,7.817454763654266,14.321795061801678,20.95020909107253
2016-02-05,7.877841795034586,14.347746189482281,20.860088540983945,103.71,2.3748750000000003,0.03709999999999994,0.47497500000000004,7.877841795034586,14.347746189482281,20.860088540983945
2016-02-06,7.777591015492945,14.443241304507385,20.95084180823931,103.71,1.70825,0.03709999999999994,0.34165,7.777591015492945,14.443241304507385,20.95084180823931
2016-02-07,7.85595911800338,14.243617324275352,20.8320426950947,103.71,1.791625,0.03709999999999994,0.358325,7.85595911800338,14.243617324275352,20.8320426950947
2016-02-08,7.821665119875108,14.314940907325738,20.830119153247402,103.71,2.374875,0.03709999999999994,0.474975,7.821665119875108,14.314940907325738,20.830119153247402
2016-02-09,7.821992038101119,14.522920601107284,20.8857030120355,103.71,1.916625,0.03709999999999994,0.383325,7.821992038101119,14.522920601107284,20.8857030120355
2016-02-10,7.751853038193757,14.307302695970016,20.85201481803193,103.71,1.0,0.03709999999999994,0.2,7.751853038193757,14.307302695970016,20.85201481803193
2016-02-11,7.782579381625118,14.355953558022708,20.887637057448124,103.71,2.041625,0.03709999999999994,0.40832499999999994,7.782579381625118,14.355953558022708,20.887637057448124
2016-02-12,7.956010108144387,14.51094838552771,20.78454811677812,103.71,2.58325,0.03709999999999994,0.51665,7.956010108144387,14.51094838552771,20.78454811677812
2016-02-13,7.895230880391703,14.417503693360068,20.98044193546864,103.71,1.5835,0.03709999999999994,0.3167,7.895230880391703,14.417503693360068,20.98044193546864
2016-02-14,7.9788426935025125,14.348183705227154,21.013674382033276,103.71,2.166625,0.03709999999999994,0.43332499999999996,7.9788426935025125,14.348183705227154,21.013674382033276
2016-02-15,7.838781796398056,14.372106179902884,20.986503424670737,103.71,2.166625,0.03709999999999994,0.43332499999999996,7.838781796398056,14.372106179902884,20.986503424670737
2016-02-16,7.793824888207157,14.373970491313521,20.974117228666476,103.71,4.375,0.03709999999999994,0.875,7.793824888207157,14.373970491313521,20.974117228666476
2016-02-17,7.834149975042142,14.263779071814316,20.904232008405234,103.71,4.208375,0.03709999999999994,0.8416750000000001,7.834149975042142,14.263779071814316,20.904232008405234
2016-02-18,7.897178335812145,14.486552807096123,20.834352465172913,103.71,3.999875,0.03709999999999994,0.799975,7.897178335812145,14.486552807096123,20.834352465172913
2016-02-19,7.894341589689107,14.312159827189161,20.91121289541881,103.71,3.041625,0.03709999999999994,0.608325,7.894341589689107,14.312159827189161,20.91121289541881
2016-02-20,7.887085990932359,14.267080555608324,20.798963276480336,103.71,1.166625,0.03709999999999994,0.233325,7.887085990932359,14.267080555608324,20.798963276480336
2016-02-21,7.897773318971291,14.361786022397267,20.70108368740719,103.71,1.00025,0.03709999999999994,0.20005,7.897773318971291,14.361786022397267,20.70108368740719
2016-02-22,7.910619110781022,14.347960258195398,20.989479798953756,103.71,0.54175,0.03709999999999994,0.10834999999999999,7.910619110781022,14.347960258195398,20.989479798953756
2016-02-23,7.829855123590741,14.293790877135542,20.856469792961107,103.71,1.208375,0.03709999999999994,0.241675,7.829855123590741,14.293790877135542,20.856469792961107
2016-02-24,7.872491197254564,14.533813424829843,20.915721082132546,103.71,1.625,0.03709999999999994,0.325,7.872491197254564,14.533813424829843,20.915721082132546
2016-02-25,7.814533472555743,14.608809767586337,20.90186939430018,103.71,1.291875,0.03709999999999994,0.258375,7.814533472555743,14.608809767586337,20.90186939430018
2016-02-26,7.851978682674345,14.381437573630386,20.936843779036213,103.71,1.500125,0.03709999999999994,0.300025,7.851978682674345,14.381437573630386,20.936843779036213
2016-02-27,7.8400622681438135,14.287417135155023,20.80292651437089,103.71,0.7082499999999999,0.03709999999999994,0.14165,7.8400622681438135,14.287417135155023,20.80292651437089
2016-02-28,7.903505379348332,14.462848853675712,20.774152301462912,103.71,0.70825,0.03709999999999994,0.14165,7.903505379348332,14.462848853675712,20.774152301462912
2016-02-29,7.882894016105073,14.319905412704324,20.910567496385102,103.71,0.916625,0.03709999999999994,0.18332500000000002,7.882894016105073,14.319905412704324,20.910567496385102
2016-03-01,7.887770380695287,14.462805215884536,20.861461368056666,91.43,1.9585,-0.08569999999999993,0.3917,7.887770380695287,14.462805215884536,20.861461368056666
2016-03-02,7.909457183421943,14.260911797949031,20.838649026743962,91.43,1.541625,-0.08569999999999993,0.308325,7.909457183421943,14.260911797949031,20.838649026743962
2016-03-03,7.960127418388658,14.2877892406546,21.090024499967527,91.43,1.624875,-0.08569999999999993,0.324975,7.960127418388658,14.2877892406546,21.090024499967527
2016-03-04,7.849348439697947,14.429049860066613,20.91832104454501,91.43,0.833375,-0.08569999999999993,0.166675,7.849348439697947,14.429049860066613,20.91832104454501
2016-03-05,7.800473067343674,14.354795644642572,20.878170362267785,91.43,0.708125,-0.08569999999999993,0.141625,7.800473067343674,14.354795644642572,20.878170362267785
2016-03-06,7.922342511216593,14.395352523458309,20.8755006788647,91.43,3.083375,-0.08569999999999993,0.6166750000000001,7.922342511216593,14.395352523458309,20.8755006788647
2016-03-07,7.901967384153602,14.414487090876522,21.0431803736407,91.43,3.7085,-0.08569999999999993,0.7417,7.901967384153602,14.414487090876522,21.0431803736407
2016-03-08,7.91117609937752,14.4069136517745,20.902093238281473,91.43,1.75,-0.08569999999999993,0.35,7.91117609937752,14.4069136517745,20.902093238281473
2016-03-09,7.831300405406335,14.365554374116027,20.9387343857275,91.43,1.625,-0.08569999999999993,0.325,7.831300405406335,14.365554374116027,20.9387343857275
2016-03-10,7.797258080962925,14.296311342501628,21.071972231374907,91.43,1.75,-0.08569999999999993,0.35,7.797258080962925,14.296311342501628,21.071972231374907
2016-03-11,7.872553046847298,14.360693239282002,20.65632080242385,91.43,3.0832500000000005,-0.08569999999999993,0.6166500000000001,7.872553046847298,14.360693239282002,20.65632080242385
2016-03-12,7.919998328574101,14.347514506095512,20.818670539936452,91.43,2.25,-0.08569999999999993,0.45,7.919998328574101,14.347514506095512,20.818670539936452
2016-03-13,7.879327871633556,14.388816089216029,21.011215723063703,91.43,0.66675,-0.08569999999999993,0.13335,7.879327871633556,14.388816089216029,21.011215723063703
2016-03-14,7.881001329455256,14.366193621512277,20.80696963856305,91.43,2.08325,-0.08569999999999993,0.41665,7.881001329455256,14.366193621512277,20.80696963856305
2016-03-15,7.861437010955367,14.427927786320744,21.03991483519933,91.43,3.541499999999999,-0.08569999999999993,0.7082999999999998,7.861437010955367,14.427927786320744,21.03991483519933
2016-03-16,7.803900001843287,14.48578674317337,20.89472817926035,91.43,3.125125,-0.08569999999999993,0.625025,7.803900001843287,14.48578674317337,20.89472817926035
2016-03-17,7.878249136148609,14.544828046419715,20.97729673676182,91.43,3.500125,-0.08569999999999993,0.700025,7.878249136148609,14.544828046419715,20.97729673676182
2016-03-18,7.897841421367869,14.457327896356388,20.84275868112797,91.43,1.95825,-0.08569999999999993,0.39165,7.897841421367869,14.457327896356388,20.84275868112797
2016-03-19,7.902638298303294,14.332930005428105,20.911272345515325,91.43,2.7917499999999995,-0.08569999999999993,0.5583499999999999,7.902638298303294,14.332930005428105,20.911272345515325
2016-03-20,7.858537655297366,14.408718954493859,20.88790887487218,91.43,2.16675,-0.08569999999999993,0.43335,7.858537655297366,14.408718954493859,20.88790887487218
2016-03-21,7.838785813158505,14.396086289898651,20.841478562197782,91.43,1.66675,-0.08569999999999993,0.33335,7.838785813158505,14.396086289898651,20.841478562197782
2016-03-22,7.943270187285982,14.408497400806212,21.03836001651535,91.43,1.4165,-0.08569999999999993,0.2833,7.943270187285982,14.408497400806212,21.03836001651535
2016-03-23,7.823772525520517,14.394167055818462,20.85729237405485,91.43,2.125125,-0.08569999999999993,0.42502500000000004,7.823772525520517,14.394167055818462,20.85729237405485
2016-03-24,7.846230793051677,14.496420036396003,20.910898542895993,91.43,1.458375,-0.08569999999999993,0.291675,7.846230793051677,14.496420036396003,20.910898542895993
2016-03-25,7.847195158064688,14.37106947524499,20.94139153220474,91.43,1.166625,-0.08569999999999993,0.233325,7.847195158064688,14.37106947524499,20.94139153220474
2016-03-26,7.9454368446138135,14.505752348854166,20.73927807030633,91.43,0.4167499999999999,-0.08569999999999993,0.08334999999999998,7.9454368446138135,14.505752348854166,20.73927807030633
2016-03-27,7.834571601503711,14.437010668297376,20.82803169467617,91.43,2.541625,-0.08569999999999993,0.5083249999999999,7.834571601503711,14.437010668297376,20.82803169467617
2016-03-28,7.836394061251344,14.491475474327945,20.77449184690977,91.43,1.9585,-0.08569999999999993,0.3917,7.836394061251344,14.491475474327945,20.77449184690977
2016-03-29,7.93429759685218,14.545937490027505,20.924269799210528,91.43,2.45825,-0.08569999999999993,0.49165000000000003,7.93429759685218,14.545937490027505,20.924269799210528
2016-03-30,7.802267536357717,14.370502831199092,20.88029953346752,91.43,2.4165,-0.08569999999999993,0.4833,7.802267536357717,14.370502831199092,20.88029953346752
2016-03-31,7.8347226070541165,14.377088133370178,20.86959884543627,91.43,1.375,-0.08569999999999993,0.275,7.8347226070541165,14.377088133370178,20.86959884543627
2016-04-01,7.871692169505077,14.424512616530793,20.845285890200454,93.45,0.4582499999999999,-0.06549999999999997,0.09164999999999998,7.871692169505077,14.424512616530793,20.845285890200454
2016-04-02,7.870812656665805,14.343336357324446,20.866653029526795,93.45,2.45825,-0.06549999999999997,0.49165000000000003,7.870812656665805,14.343336357324446,20.866653029526795
2016-04-03,7.818889399134679,14.399443842783304,20.915703050455708,93.45,2.625125,-0.06549999999999997,0.5250250000000001,7.818889399134679,14.399443842783304,20.915703050455708
2016-04-04,7.841328698699377,14.29507407717602,20.845611111368505,93.45,1.375,-0.06549999999999997,0.275,7.841328698699377,14.29507407717602,20.845611111368505
2016-04-05,7.741580538427919,14.437440776036478,21.10876059093332,93.45,1.291625,-0.06549999999999997,0.258325,7.741580538427919,14.437440776036478,21.10876059093332
2016-04-06,7.897770502663786,14.460866239751002,20.876649535777823,93.45,1.541625,-0.06549999999999997,0.308325,7.897770502663786,14.460866239751002,20.876649535777823
2016-04-07,7.869644605015659,14.520608285645794,20.845995542935224,93.45,2.333375,-0.06549999999999997,0.46667500000000006,7.869644605015659,14.520608285645794,20.845995542935224
2016-04-08,7.75064580649445,14.132055142289481,20.867491254293274,93.45,1.333375,-0.06549999999999997,0.266675,7.75064580649445,14.132055142289481,20.867491254293274
2016-04-09,7.8884017923520515,14.390514087612102,20.841123544511078,93.45,0.33325,-0.06549999999999997,0.06665,7.8884017923520515,14.390514087612102,20.841123544511078
2016-04-10,7.806757259996457,14.369776722496933,21.007414216645838,93.45,1.54175,-0.06549999999999997,0.30835,7.806757259996457,14.369776722496933,21.007414216645838
2016-04-11,7.89896313009359,14.280664406582765,20.881678336753506,93.45,1.000125,-0.06549999999999997,0.20002499999999998,7.89896313009359,14.280664406582765,20.881678336753506
2016-04-12,7.84742877830964,14.38029381816715,21.025797710572242,93.45,3.041625,-0.06549999999999997,0.608325,7.84742877830964,14.38029381816715,21.025797710572242
2016-04-13,7.834854049745076,14.336385982900515,20.844872127081857,93.45,3.79175,-0.06549999999999997,0.75835,7.834854049745076,14.336385982900515,20.844872127081857
2016-04-14,7.83460513586412,14.39424931814724,21.020784064797994,93.45,3.5415,-0.06549999999999997,0.7083,7.83460513586412,14.39424931814724,21.020784064797994
2016-04-15,7.78766242350497,14.570385890694482,21.038061098322125,93.45,1.666625,-0.06549999999999997,0.333325,7.78766242350497,14.570385890694482,21.038061098322125
2016-04-16,7.808975420403239,14.241171434374168,21.06918943215038,93.45,2.166625,-0.06549999999999997,0.43332499999999996,7.808975420403239,14.241171434374168,21.06918943215038
2016-04-17,7.931266164339219,14.386742229895702,21.051800484634015,93.45,3.1667500000000004,-0.06549999999999997,0.6333500000000001,7.931266164339219,14.386742229895702,21.051800484634015
2016-04-18,7.901557757437391,14.252489264693644,20.74579478351312,93.45,1.083375,-0.06549999999999997,0.216675,7.901557757437391,14.252489264693644,20.74579478351312
2016-04-19,7.867763610182152,14.478169504276261,20.882915428789982,93.45,0.333125,-0.06549999999999997,0.066625,7.867763610182152,14.478169504276261,20.882915428789982
2016-04-20,7.865605248110316,14.474758820998392,20.946851939215488,93.45,0.70825,-0.06549999999999997,0.14165,7.865605248110316,14.474758820998392,20.946851939215488
2016-04-21,7.937413381985892,14.40218658549221,20.959279182791636,93.45,1.041625,-0.06549999999999997,0.208325,7.937413381985892,14.40218658549221,20.959279182791636
2016-04-22,7.931145653025178,14.43906732741188,20.95062483115607,93.45,2.458375,-0.06549999999999997,0.49167500000000003,7.931145653025178,14.43906732741188,20.95062483115607
2016-04-23,7.879019771150194,14.269515035533226,20.908113878312683,93.45,2.208375,-0.06549999999999997,0.44167500000000004,7.879019771150194,14.269515035533226,20.908113878312683
2016-04-24,7.909202241314313,14.563234054567882,20.95534445897286,93.45,2.166625,-0.06549999999999997,0.43332499999999996,7.909202241314313,14.563234054567882,20.95534445897286
2016-04-25,7.892247490547451,14.335927671597911,20.904248527245656,93.45,1.208375,-0.06549999999999997,0.241675,7.892247490547451,14.335927671597911,20.904248527245656
2016-04-26,7.821058013824717,14.351994911023667,20.747926452243558,93.45,1.3335,-0.06549999999999997,0.2667,7.821058013824717,14.351994911023667,20.747926452243558
2016-04-27,7.918252405222305,14.32522326719583,20.778956736492123,93.45,2.166625,-0.06549999999999997,0.43332499999999996,7.918252405222305,14.32522326719583,20.778956736492123
2016-04-28,7.885931472556725,14.24928502863664,20.849227117833568,93.45,0.916625,-0.06549999999999997,0.18332500000000002,7.885931472556725,14.24928502863664,20.849227117833568
2016-04-29,7.935240635658405,14.27940669687153,20.929371750876893,93.45,0.541625,-0.06549999999999997,0.108325,7.935240635658405,14.27940669687153,20.929371750876893
2016-04-30,7.918333534015895,14.354503926946228,20.92570122966092,93.45,1.708125,-0.06549999999999997,0.34162499999999996,7.918333534015895,14.354503926946228,20.92570122966092
2016-05-01,7.805722136463705,14.232273954289637,20.904849936917536,93.36,2.8332500000000005,-0.0664,0.5666500000000001,7.805722136463705,14.232273954289637,20.904849936917536
2016-05-02,7.87258637138543,14.394368518206948,20.909388211271537,93.36,3.7501250000000006,-0.0664,0.7500250000000002,7.87258637138543,14.394368518206948,20.909388211271537
2016-05-03,7.8597803615996575,14.298709009906814,20.812903623633225,93.36,2.20825,-0.0664,0.44165,7.8597803615996575,14.298709009906814,20.812903623633225
2016-05-04,7.808729809022856,14.338720394249796,20.723848760047755,93.36,0.833375,-0.0664,0.166675,7.808729809022856,14.338720394249796,20.723848760047755
2016-05-05,7.86145769535009,14.431663234804567,20.92993565908756,93.36,1.541625,-0.0664,0.308325,7.86145769535009,14.431663234804567,20.92993565908756
2016-05-06,7.918545542522239,14.331868519817196,20.986783718068445,93.36,2.79175,-0.0664,0.55835,7.918545542522239,14.331868519817196,20.986783718068445
2016-05-07,7.870209212087772,14.447678852824186,20.88582468336842,93.36,1.958375,-0.0664,0.391675,7.870209212087772,14.447678852824186,20.88582468336842
2016-05-08,7.861643159774642,14.332058090937196,20.860722815233494,93.36,5.708375,-0.0664,1.141675,7.861643159774642,14.332058090937196,20.860722815233494
2016-05-09,7.899707096514631,14.43795382695219,20.910281797684878,93.36,3.833375,-0.0664,0.766675,7.899707096514631,14.43795382695219,20.910281797684878
2016-05-10,7.932792126729549,14.55382462330332,21.039680771376073,93.36,2.7498750000000003,-0.0664,0.5499750000000001,7.932792126729549,14.55382462330332,21.039680771376073
2016-05-11,7.81186090515952,14.382851258644767,20.886221715677216,93.36,1.249875,-0.0664,0.249975,7.81186090515952,14.382851258644767,20.886221715677216
2016-05-12,7.832943586212701,14.32643796474356,21.028066598418302,93.36,0.7501249999999999,-0.0664,0.150025,7.832943586212701,14.32643796474356,21.028066598418302
2016-05-13,7.892215359680852,14.36537569606698,20.90037949975589,93.36,1.583375,-0.0664,0.316675,7.892215359680852,14.36537569606698,20.90037949975589
2016-05-14,7.90689988311031,14.414111607966289,20.785054202798964,93.36,2.08325,-0.0664,0.41665,7.90689988311031,14.414111607966289,20.785054202798964
2016-05-15,7.924952220801614,14.473615370566877,20.96776749923972,93.36,2.583375,-0.0664,0.516675,7.924952220801614,14.473615370566877,20.96776749923972
2016-05-16,7.835912753018729,14.19961947614056,20.962569995511775,93.36,2.5415,-0.0664,0.5083,7.835912753018729,14.19961947614056,20.962569995511775
2016-05-17,7.804517436267868,14.470064985122502,20.808016418258838,93.36,2.708375,-0.0664,0.541675,7.804517436267868,14.470064985122502,20.808016418258838
2016-05-18,7.794801670809801,14.249144535230808,20.939793501061125,93.36,1.708375,-0.0664,0.341675,7.794801670809801,14.249144535230808,20.939793501061125
2016-05-19,7.922737466744527,14.334323991845924,20.910925494351492,93.36,1.708375,-0.0664,0.341675,7.922737466744527,14.334323991845924,20.910925494351492
2016-05-20,7.881935808907363,14.443720204905086,20.875091490584712,93.36,1.374875,-0.0664,0.274975,7.881935808907363,14.443720204905086,20.875091490584712
2016-05-21,7.862320335477265,14.36471502962783,21.04736958220802,93.36,2.791625,-0.0664,0.558325,7.862320335477265,14.36471502962783,21.04736958220802
2016-05-22,7.79146053120218,14.343706864769075,20.953313377191357,93.36,1.583375,-0.0664,0.316675,7.79146053120218,14.343706864769075,20.953313377191357
2016-05-23,7.863636385856296,14.434065966317913,20.804862587623173,93.36,0.791625,-0.0664,0.158325,7.863636385856296,14.434065966317913,20.804862587623173
2016-05-24,7.925183074901771,14.446323315626378,20.826639819754675,93.36,1.08325,-0.0664,0.21665,7.925183074901771,14.446323315626378,20.826639819754675
2016-05-25,7.842799511986087,14.370336463709743,20.864394801134576,93.36,0.499875,-0.0664,0.09997500000000001,7.842799511986087,14.370336463709743,20.864394801134576
2016-05-26,7.804947106752794,14.248742680481564,20.90158970573261,93.36,0.5415,-0.0664,0.1083,7.804947106752794,14.248742680481564,20.90158970573261
2016-05-27,7.876671660949473,14.238895818966473,20.86158149267416,93.36,2.20825,-0.0664,0.44165,7.876671660949473,14.238895818966473,20.86158149267416
2016-05-28,7.892532324445283,14.338277067356334,20.80984758274383,93.36,2.7498750000000003,-0.0664,0.5499750000000001,7.892532324445283,14.338277067356334,20.80984758274383
2016-05-29,7.807064623371544,14.327303791960325,20.915516636201083,93.36,1.625,-0.0664,0.325,7.807064623371544,14.327303791960325,20.915516636201083
2016-05-30,7.842706783121647,14.297540836424417,20.774342660299435,93.36,2.291625,-0.0664,0.458325,7.842706783121647,14.297540836424417,20.774342660299435
2016-05-31,7.9279999410511675,14.42296643891516,20.945047656055483,93.36,2.166625,-0.0664,0.43332499999999996,7.9279999410511675,14.42296643891516,20.945047656055483
2016-06-01,7.859281124290099,14.381761227717288,20.771361396510983,81.95,1.291625,-0.18049999999999997,0.258325,7.859281124290099,14.381761227717288,20.771361396510983
2016-06-02,7.7933887488474625,14.399007058695355,20.873118565706005,81.95,0.541625,-0.18049999999999997,0.108325,7.7933887488474625,14.399007058695355,20.873118565706005
2016-06-03,7.891766860750215,14.303460266048129,20.683048733521545,81.95,0.4165,-0.18049999999999997,0.0833,7.891766860750215,14.303460266048129,20.683048733521545
2016-06-04,7.9109216694638995,14.172210567543441,20.75382767037587,81.95,0.6665,-0.18049999999999997,0.1333,7.9109216694638995,14.172210567543441,20.75382767037587
2016-06-05,7.8232402764380025,14.220922371729834,20.914066725887082,81.95,3.625,-0.18049999999999997,0.725,7.8232402764380025,14.220922371729834,20.914066725887082
2016-06-06,7.840241728017781,14.47303879568284,20.884851898157493,81.95,3.458375,-0.18049999999999997,0.691675,7.840241728017781,14.47303879568284,20.884851898157493
2016-06-07,7.85399187478903,14.423560874454841,20.871979055941758,81.95,2.0,-0.18049999999999997,0.4,7.85399187478903,14.423560874454841,20.871979055941758
2016-06-08,7.80072425496412,14.25418104688649,20.989145467236927,81.95,1.333375,-0.18049999999999997,0.266675,7.80072425496412,14.25418104688649,20.989145467236927
2016-06-09,7.766076778344928,14.299821581404846,20.94738807732533,81.95,0.75,-0.18049999999999997,0.15,7.766076778344928,14.299821581404846,20.94738807732533
2016-06-10,7.80899018654711,14.308367529794202,20.955270755748554,81.95,1.333125,-0.18049999999999997,0.266625,7.80899018654711,14.308367529794202,20.955270755748554
2016-06-11,7.851145463169725,14.400501668421924,20.887706791392713,81.95,2.08325,-0.18049999999999997,0.41665,7.851145463169725,14.400501668421924,20.887706791392713
2016-06-12,7.798323155399826,14.262771270193968,20.841569558732267,81.95,2.29175,-0.18049999999999997,0.45835,7.798323155399826,14.262771270193968,20.841569558732267
2016-06-13,7.908703992190184,14.394130836898725,20.858524155857957,81.95,1.8335,-0.18049999999999997,0.36669999999999997,7.908703992190184,14.394130836898725,20.858524155857957
2016-06-14,7.827453983464915,14.380047712491493,20.95601192269988,81.95,2.79175,-0.18049999999999997,0.55835,7.827453983464915,14.380047712491493,20.95601192269988
2016-06-15,7.877835271959855,14.061797150316021,20.908652969214824,81.95,2.291625,-0.18049999999999997,0.458325,7.877835271959855,14.061797150316021,20.908652969214824
2016-06-16,7.827767035834871,14.305594111485698,20.923679882276655,81.95,1.6665,-0.18049999999999997,0.33330000000000004,7.827767035834871,14.305594111485698,20.923679882276655
2016-06-17,7.800523256315165,14.326916844983938,20.911690163803634,81.95,1.833375,-0.18049999999999997,0.366675,7.800523256315165,14.326916844983938,20.911690163803634
2016-06-18,7.804277814251585,14.31474803660763,20.78653359003484,81.95,1.95825,-0.18049999999999997,0.39165,7.804277814251585,14.31474803660763,20.78653359003484
2016-06-19,7.82615037797553,14.44387004791074,20.674673318713772,81.95,1.125125,-0.18049999999999997,0.22502499999999998,7.82615037797553,14.44387004791074,20.674673318713772
2016-06-20,7.805099697549955,14.329522020375364,20.736773480616304,81.95,0.875,-0.18049999999999997,0.175,7.805099697549955,14.329522020375364,20.736773480616304
2016-06-21,7.815836153280119,14.265709602400417,20.844221209504152,81.95,0.625125,-0.18049999999999997,0.125025,7.815836153280119,14.265709602400417,20.844221209504152
2016-06-22,7.851782326625434,14.08246479191974,20.772433566240373,81.95,2.083375,-0.18049999999999997,0.416675,7.851782326625434,14.08246479191974,20.772433566240373
2016-06-23,7.779005161896721,14.319981867228769,20.766915609408695,81.95,2.0835,-0.18049999999999997,0.41669999999999996,7.779005161896721,14.319981867228769,20.766915609408695
2016-06-24,7.786879658263671,14.318240392757888,20.928469428459582,81.95,2.625,-0.18049999999999997,0.525,7.786879658263671,14.318240392757888,20.928469428459582
2016-06-25,7.863289449355221,14.287759002113454,20.88682820298066,81.95,1.7085,-0.18049999999999997,0.3417,7.863289449355221,14.287759002113454,20.88682820298066
2016-06-26,7.8130823923191235,14.27962798701995,20.693643674335295,81.95,2.208375,-0.18049999999999997,0.44167500000000004,7.8130823923191235,14.27962798701995,20.693643674335295
2016-06-27,7.847311146813683,14.289822012923805,20.738651093528265,81.95,1.791625,-0.18049999999999997,0.358325,7.847311146813683,14.289822012923805,20.738651093528265
2016-06-28,7.852214329764564,14.281069973602346,20.91314166089828,81.95,1.4165,-0.18049999999999997,0.2833,7.852214329764564,14.281069973602346,20.91314166089828
2016-06-29,7.8062668302210865,14.166465734622186,20.803805070558223,81.95,1.041875,-0.18049999999999997,0.20837500000000003,7.8062668302210865,14.166465734622186,20.803805070558223
2016-06-30,7.8504748854138775,14.320333625145317,20.80300688072332,81.95,1.25,-0.18049999999999997,0.25,7.8504748854138775,14.320333625145317,20.80300688072332
2016-07-01,7.899547908130068,14.393173697028931,20.805972395247377,86.31,1.499875,-0.13689999999999997,0.299975,7.899547908130068,14.393173697028931,20.805972395247377
2016-07-02,7.811422074501186,14.216935505109811,20.73267412075507,86.31,1.500125,-0.13689999999999997,0.300025,7.811422074501186,14.216935505109811,20.73267412075507
2016-07-03,7.811533277992562,14.331543707814903,20.73636110416663,86.31,1.916625,-0.13689999999999997,0.383325,7.811533277992562,14.331543707814903,20.73636110416663
2016-07-04,7.822728237690408,14.252956254939498,20.85965369530114,86.31,1.333375,-0.13689999999999997,0.266675,7.822728237690408,14.252956254939498,20.85965369530114
2016-07-05,7.799469820526226,14.27755398609451,20.786796451098972,86.31,0.666625,-0.13689999999999997,0.133325,7.799469820526226,14.27755398609451,20.786796451098972
2016-07-06,7.819163385417682,14.3636083720465,20.654371191323897,86.31,0.875,-0.13689999999999997,0.175,7.819163385417682,14.3636083720465,20.654371191323897
2016-07-07,7.825586109970118,14.300194100603504,20.822173941318667,86.31,3.4167499999999995,-0.13689999999999997,0.6833499999999999,7.825586109970118,14.300194100603504,20.822173941318667
2016-07-08,7.818644236697843,14.40079269459126,20.91336710977387,86.31,3.33325,-0.13689999999999997,0.66665,7.818644236697843,14.40079269459126,20.91336710977387
2016-07-09,7.891186152220874,14.213785658274132,20.97921821549974,86.31,2.6665,-0.13689999999999997,0.5333,7.891186152220874,14.213785658274132,20.97921821549974
2016-07-10,7.892541297493135,14.293965153961805,20.688905903558627,86.31,2.208375,-0.13689999999999997,0.44167500000000004,7.892541297493135,14.293965153961805,20.688905903558627
2016-07-11,7.829815156169438,14.339842252086704,20.896264468797863,86.31,2.333375,-0.13689999999999997,0.46667500000000006,7.829815156169438,14.339842252086704,20.896264468797863
2016-07-12,7.8491530669921366,14.408628546169062,20.806674838213603,86.31,3.166625,-0.13689999999999997,0.6333249999999999,7.8491530669921366,14.408628546169062,20.806674838213603
2016-07-13,7.8435288302451305,14.34492644555452,20.764827189653154,86.31,1.833375,-0.13689999999999997,0.366675,7.8435288302451305,14.34492644555452,20.764827189653154
2016-07-14,7.8329448625163325,14.387957073313725,20.695377592280906,86.31,2.333375,-0.13689999999999997,0.46667500000000006,7.8329448625163325,14.387957073313725,20.695377592280906
2016-07-15,7.906347355772202,14.423637260564519,20.815791823561796,86.31,2.375125,-0.13689999999999997,0.47502500000000003,7.906347355772202,14.423637260564519,20.815791823561796
2016-07-16,7.873018114501338,14.262514329650227,20.908008935317053,86.31,1.70825,-0.13689999999999997,0.34165,7.873018114501338,14.262514329650227,20.908008935317053
2016-07-17,7.806343238980769,14.297527663288163,21.024002897169638,86.31,1.2915,-0.13689999999999997,0.25830000000000003,7.806343238980769,14.297527663288163,21.024002897169638
2016-07-18,7.847986632528531,14.338945642863967,20.698230226819405,86.31,0.6666250000000001,-0.13689999999999997,0.13332500000000003,7.847986632528531,14.338945642863967,20.698230226819405
2016-07-19,7.845638494078161,14.41164402297658,20.768067575938446,86.31,1.16675,-0.13689999999999997,0.23335,7.845638494078161,14.41164402297658,20.768067575938446
2016-07-20,7.7762091121760095,14.337098845678428,20.76676418729658,86.31,3.0,-0.13689999999999997,0.6,7.7762091121760095,14.337098845678428,20.76676418729658
2016-07-21,7.81256746401274,14.388417915045919,20.734773246297507,86.31,1.25,-0.13689999999999997,0.25,7.81256746401274,14.388417915045919,20.734773246297507
2016-07-22,7.734618528381016,14.255964272544215,20.853987585447577,86.31,1.83325,-0.13689999999999997,0.36665000000000003,7.734618528381016,14.255964272544215,20.853987585447577
2016-07-23,7.77053959118653,14.225089563826872,20.7087398300075,86.31,1.625,-0.13689999999999997,0.325,7.77053959118653,14.225089563826872,20.7087398300075
2016-07-24,7.916853262086466,14.436646710157614,20.800273610944572,86.31,2.3335,-0.13689999999999997,0.4667,7.916853262086466,14.436646710157614,20.800273610944572
2016-07-25,7.837936787832795,14.261794361622348,20.795942136490666,86.31,3.208375,-0.13689999999999997,0.641675,7.837936787832795,14.261794361622348,20.795942136490666
2016-07-26,7.896796149017304,14.383805169377936,20.605625050946053,86.31,0.916625,-0.13689999999999997,0.18332500000000002,7.896796149017304,14.383805169377936,20.605625050946053
2016-07-27,7.806418630434292,14.191860723129421,20.64867608443536,86.31,0.541625,-0.13689999999999997,0.108325,7.806418630434292,14.191860723129421,20.64867608443536
2016-07-28,7.858825164650209,14.438918525166347,20.662220677791428,86.31,2.791625,-0.13689999999999997,0.558325,7.858825164650209,14.438918525166347,20.662220677791428
2016-07-29,7.872041882361516,14.13303595780368,20.724926493712807,86.31,2.75,-0.13689999999999997,0.55,7.872041882361516,14.13303595780368,20.724926493712807
2016-07-30,7.776611312169212,14.188898275411107,20.798408142404185,86.31,1.208375,-0.13689999999999997,0.241675,7.776611312169212,14.188898275411107,20.798408142404185
2016-07-31,7.837108003704618,14.479573026601626,20.906422645906815,86.31,0.666625,-0.13689999999999997,0.133325,7.837108003704618,14.479573026601626,20.906422645906815
2016-08-01,7.916581860236406,14.26859757783683,20.660002713054094,85.15,0.58325,-0.14849999999999994,0.11665,7.916581860236406,14.26859757783683,20.660002713054094
2016-08-02,7.795420980886456,14.355539586352245,20.772735032422233,85.15,2.6665,-0.14849999999999994,0.5333,7.795420980886456,14.355539586352245,20.772735032422233
2016-08-03,7.712583388991402,14.373355463265867,20.699003445189955,85.15,4.16675,-0.14849999999999994,0.83335,7.712583388991402,14.373355463265867,20.699003445189955
2016-08-04,7.855729097898653,14.292541057936907,20.857986999502366,85.15,3.000125,-0.14849999999999994,0.600025,7.855729097898653,14.292541057936907,20.857986999502366
2016-08-05,7.805975786991673,14.426619692961836,20.64472173006083,85.15,2.958375,-0.14849999999999994,0.5916750000000001,7.805975786991673,14.426619692961836,20.64472173006083
2016-08-06,7.842513357610511,14.408272491556078,20.849468519180572,85.15,2.6667499999999995,-0.14849999999999994,0.5333499999999999,7.842513357610511,14.408272491556078,20.849468519180572
2016-08-07,7.843440313062783,14.375197182409908,20.849896726063676,85.15,2.333375,-0.14849999999999994,0.46667500000000006,7.843440313062783,14.375197182409908,20.849896726063676
2016-08-08,7.763264889833191,14.34552949538661,20.995194691360464,85.15,2.250125,-0.14849999999999994,0.450025,7.763264889833191,14.34552949538661,20.995194691360464
2016-08-09,7.991324088010202,14.204309432941296,20.790797232821998,85.15,2.5,-0.14849999999999994,0.5,7.991324088010202,14.204309432941296,20.790797232821998
2016-08-10,7.778415002450965,14.378395414605594,20.866949956018477,85.15,3.0,-0.14849999999999994,0.6,7.778415002450965,14.378395414605594,20.866949956018477
2016-08-11,7.7984554966235065,14.244082220235315,20.66995671531482,85.15,1.875,-0.14849999999999994,0.375,7.7984554966235065,14.244082220235315,20.66995671531482
2016-08-12,7.841464131270996,14.225688995107094,20.83566598305508,85.15,2.125,-0.14849999999999994,0.425,7.841464131270996,14.225688995107094,20.83566598305508
2016-08-13,7.774382005811667,14.373061122133914,20.769454796289356,85.15,1.125,-0.14849999999999994,0.225,7.774382005811667,14.373061122133914,20.769454796289356
2016-08-14,7.807453939854482,14.27097700365925,20.80119555195231,85.15,0.791625,-0.14849999999999994,0.158325,7.807453939854482,14.27097700365925,20.80119555195231
2016-08-15,7.737765698749134,14.368086232068308,20.756570070794613,85.15,0.666625,-0.14849999999999994,0.133325,7.737765698749134,14.368086232068308,20.756570070794613
2016-08-16,7.780359885730965,14.21748399793522,20.732249405711993,85.15,1.083375,-0.14849999999999994,0.216675,7.780359885730965,14.21748399793522,20.732249405711993
2016-08-17,7.837532332741444,14.247861050190085,20.56990325313809,85.15,1.75,-0.14849999999999994,0.35,7.837532332741444,14.247861050190085,20.56990325313809
2016-08-18,7.792089679546306,14.314251949690087,20.69171415448622,85.15,1.4585,-0.14849999999999994,0.29169999999999996,7.792089679546306,14.314251949690087,20.69171415448622
2016-08-19,7.76072927960353,14.1940084686012,20.836686273967747,85.15,0.874875,-0.14849999999999994,0.174975,7.76072927960353,14.1940084686012,20.836686273967747
2016-08-20,7.8695226125755875,14.16124313820842,20.677662806872306,85.15,0.7498750000000001,-0.14849999999999994,0.14997500000000002,7.8695226125755875,14.16124313820842,20.677662806872306
2016-08-21,7.806563756349788,14.242023961013238,20.753583552254447,85.15,1.583375,-0.14849999999999994,0.316675,7.806563756349788,14.242023961013238,20.753583552254447
2016-08-22,7.865155150956912,14.201877340743357,20.77631642821006,85.15,0.916625,-0.14849999999999994,0.18332500000000002,7.865155150956912,14.201877340743357,20.77631642821006
2016-08-23,7.868345505254446,14.218564626474855,20.69951502699499,85.15,2.7498750000000003,-0.14849999999999994,0.5499750000000001,7.868345505254446,14.218564626474855,20.69951502699499
2016-08-24,7.864053919692428,14.25303000050418,20.835802369571415,85.15,3.0417500000000004,-0.14849999999999994,0.6083500000000001,7.864053919692428,14.25303000050418,20.835802369571415
2016-08-25,7.820108037003233,14.437271664670307,20.70794787695577,85.15,2.375,-0.14849999999999994,0.475,7.820108037003233,14.437271664670307,20.70794787695577
2016-08-26,7.681796499251576,14.364004200892635,20.711625720690396,85.15,1.4585,-0.14849999999999994,0.29169999999999996,7.681796499251576,14.364004200892635,20.711625720690396
2016-08-27,7.769085640907075,14.331038836872773,20.921574057202314,85.15,1.125125,-0.14849999999999994,0.22502499999999998,7.769085640907075,14.331038836872773,20.921574057202314
2016-08-28,7.7598557455673465,14.257951847032398,20.47985981023752,85.15,0.4581250000000001,-0.14849999999999994,0.09162500000000003,7.7598557455673465,14.257951847032398,20.47985981023752
2016-08-29,7.907004815590239,14.090072490957287,20.824871989941837,85.15,1.416625,-0.14849999999999994,0.283325,7.907004815590239,14.090072490957287,20.824871989941837
2016-08-30,7.749963039775181,14.206902290532987,20.822276326683223,85.15,3.0,-0.14849999999999994,0.6,7.749963039775181,14.206902290532987,20.822276326683223
2016-08-31,7.711166486381692,14.323857001001308,20.585288074850553,85.15,1.3336249999999998,-0.14849999999999994,0.266725,7.711166486381692,14.323857001001308,20.585288074850553
2016-09-01,7.902929812000983,14.396602338145687,20.678592622916415,87.45,3.958375,-0.12549999999999997,0.791675,7.902929812000983,14.396602338145687,20.678592622916415
2016-09-02,7.824251050130967,14.269084123739024,20.767768475862002,87.45,4.25,-0.12549999999999997,0.85,7.824251050130967,14.269084123739024,20.767768475862002
2016-09-03,7.765973775519149,14.126103994774875,20.832403192930336,87.45,4.458374999999999,-0.12549999999999997,0.8916749999999999,7.765973775519149,14.126103994774875,20.832403192930336
2016-09-04,7.860162673755366,14.316994010883334,20.781064812504468,87.45,3.875,-0.12549999999999997,0.775,7.860162673755366,14.316994010883334,20.781064812504468
2016-09-05,7.718943213681641,14.391686156769754,20.845884931560906,87.45,3.0415,-0.12549999999999997,0.6083000000000001,7.718943213681641,14.391686156769754,20.845884931560906
2016-09-06,7.719133085467793,14.31415731251516,20.67000136642875,87.45,2.791625,-0.12549999999999997,0.558325,7.719133085467793,14.31415731251516,20.67000136642875
2016-09-07,7.791198054711749,14.253853206072536,20.752811642711,87.45,2.4165,-0.12549999999999997,0.4833,7.791198054711749,14.253853206072536,20.752811642711
2016-09-08,7.857896162776006,14.308820758144723,20.83341271682601,87.45,2.541625,-0.12549999999999997,0.5083249999999999,7.857896162776006,14.308820758144723,20.83341271682601
2016-09-09,7.867509558010297,14.118718962290275,20.68747347660062,87.45,0.833375,-0.12549999999999997,0.166675,7.867509558010297,14.118718962290275,20.68747347660062
2016-09-10,7.7956549997222835,14.231978732484446,20.783772458714196,87.45,0.791625,-0.12549999999999997,0.158325,7.7956549997222835,14.231978732484446,20.783772458714196
2016-09-11,7.933477695477501,14.206945691786038,20.677762900548142,87.45,0.7501249999999999,-0.12549999999999997,0.150025,7.933477695477501,14.206945691786038,20.677762900548142
2016-09-12,7.881429221928708,14.14362467619392,20.70627730918296,87.45,1.125125,-0.12549999999999997,0.22502499999999998,7.881429221928708,14.14362467619392,20.70627730918296
2016-09-13,7.8620693596679665,14.201267298301888,20.664512716713347,87.45,1.000125,-0.12549999999999997,0.20002499999999998,7.8620693596679665,14.201267298301888,20.664512716713347
2016-09-14,7.806014784440023,14.317125471092465,20.76090614281823,87.45,1.874875,-0.12549999999999997,0.374975,7.806014784440023,14.317125471092465,20.76090614281823
2016-09-15,7.832636072126684,14.416763351923926,20.742587818459274,87.45,1.375125,-0.12549999999999997,0.27502499999999996,7.832636072126684,14.416763351923926,20.742587818459274
2016-09-16,7.7996084174101705,14.32179019794843,20.692418371215926,87.45,0.5,-0.12549999999999997,0.1,7.7996084174101705,14.32179019794843,20.692418371215926
2016-09-17,7.703552565160235,14.396123937015412,20.736981469393942,87.45,0.624875,-0.12549999999999997,0.12497499999999999,7.703552565160235,14.396123937015412,20.736981469393942
2016-09-18,7.730031114375519,14.306940655600835,20.781357653607742,87.45,1.624875,-0.12549999999999997,0.324975,7.730031114375519,14.306940655600835,20.781357653607742
2016-09-19,7.774619565649485,14.33263261187529,20.822771327660565,87.45,1.999875,-0.12549999999999997,0.399975,7.774619565649485,14.33263261187529,20.822771327660565
2016-09-20,7.734265725701516,14.294572325385408,20.784943315080618,87.45,3.1667500000000004,-0.12549999999999997,0.6333500000000001,7.734265725701516,14.294572325385408,20.784943315080618
2016-09-21,7.8071757095685,14.317699130046257,20.743975116299026,87.45,1.75,-0.12549999999999997,0.35,7.8071757095685,14.317699130046257,20.743975116299026
2016-09-22,7.772008344190168,14.356513523698062,20.94477992543056,87.45,0.7501249999999999,-0.12549999999999997,0.150025,7.772008344190168,14.356513523698062,20.94477992543056
2016-09-23,7.824995311611354,14.184548712800348,20.642920900842686,87.45,0.666625,-0.12549999999999997,0.133325,7.824995311611354,14.184548712800348,20.642920900842686
2016-09-24,7.690613164345887,14.363200931357525,20.755060830767114,87.45,0.916625,-0.12549999999999997,0.18332500000000002,7.690613164345887,14.363200931357525,20.755060830767114
2016-09-25,7.851097678812615,14.331987207306119,20.925228172713897,87.45,3.416625,-0.12549999999999997,0.683325,7.851097678812615,14.331987207306119,20.925228172713897
2016-09-26,7.727908401333846,14.41614729244662,20.7339396159811,87.45,3.416625,-0.12549999999999997,0.683325,7.727908401333846,14.41614729244662,20.7339396159811
2016-09-27,7.727468100493401,14.251650905436385,20.919144560467604,87.45,4.29175,-0.12549999999999997,0.8583500000000001,7.727468100493401,14.251650905436385,20.919144560467604
2016-09-28,7.880272211415441,14.24572908341688,20.76209776963351,87.45,4.416625,-0.12549999999999997,0.8833249999999999,7.880272211415441,14.24572908341688,20.76209776963351
2016-09-29,7.82424417230527,14.29898885895671,20.890805105472516,87.45,4.375,-0.12549999999999997,0.875,7.82424417230527,14.29898885895671,20.890805105472516
2016-09-30,7.754943873380209,14.314262847215147,20.647823527623693,87.45,3.33325,-0.12549999999999997,0.66665,7.754943873380209,14.314262847215147,20.647823527623693
2016-10-01,7.833205950272541,14.204229359983941,20.639838766246925,86.15,3.125,-0.13849999999999996,0.625,7.833205950272541,14.204229359983941,20.639838766246925
2016-10-02,7.747649271157562,14.293084652567671,20.769018598105898,86.15,3.0415,-0.13849999999999996,0.6083000000000001,7.747649271157562,14.293084652567671,20.769018598105898
2016-10-03,7.80564956811979,14.249549846359631,20.86485778258413,86.15,2.666625,-0.13849999999999996,0.5333249999999999,7.80564956811979,14.249549846359631,20.86485778258413
2016-10-04,7.725132428446192,14.246216263769236,20.71004986155245,86.15,3.541625,-0.13849999999999996,0.708325,7.725132428446192,14.246216263769236,20.71004986155245
2016-10-05,7.83774838620933,14.242758564527701,20.901164191361886,86.15,2.4998750000000003,-0.13849999999999996,0.49997500000000006,7.83774838620933,14.242758564527701,20.901164191361886
2016-10-06,7.8546212671379045,14.457565478138315,20.7127751733159,86.15,1.291625,-0.13849999999999996,0.258325,7.8546212671379045,14.457565478138315,20.7127751733159
2016-10-07,7.768922254838648,14.159648502535985,20.861187735399774,86.15,1.3335,-0.13849999999999996,0.2667,7.768922254838648,14.159648502535985,20.861187735399774
2016-10-08,7.830850615786651,14.330315113660069,20.85376869847285,86.15,1.791625,-0.13849999999999996,0.358325,7.830850615786651,14.330315113660069,20.85376869847285
2016-10-09,7.892596609658888,14.477743593017292,20.75245712727896,86.15,1.25,-0.13849999999999996,0.25,7.892596609658888,14.477743593017292,20.75245712727896
2016-10-10,7.858469444143541,14.284201476462128,20.76706555366126,86.15,2.083375,-0.13849999999999996,0.416675,7.858469444143541,14.284201476462128,20.76706555366126
2016-10-11,7.832694838708428,14.29132402835094,20.934557202710085,86.15,0.375,-0.13849999999999996,0.075,7.832694838708428,14.29132402835094,20.934557202710085
2016-10-12,7.8257068560180985,14.298736872188636,20.782575318866026,86.15,1.0,-0.13849999999999996,0.2,7.8257068560180985,14.298736872188636,20.782575318866026
2016-10-13,7.852768214215156,14.128932790611714,20.85483306882896,86.15,4.58325,-0.13849999999999996,0.91665,7.852768214215156,14.128932790611714,20.85483306882896
2016-10-14,7.804846509773422,14.214735319268966,20.718129776189084,86.15,2.8336250000000005,-0.13849999999999996,0.5667250000000001,7.804846509773422,14.214735319268966,20.718129776189084
2016-10-15,7.785369064868776,14.249973874755733,20.75650371900578,86.15,2.333375,-0.13849999999999996,0.46667500000000006,7.785369064868776,14.249973874755733,20.75650371900578
2016-10-16,7.752576015015614,14.231249256548828,20.922113972673355,86.15,2.958375,-0.13849999999999996,0.5916750000000001,7.752576015015614,14.231249256548828,20.922113972673355
2016-10-17,7.7976467241008445,14.10634608256418,20.7678163114885,86.15,3.45825,-0.13849999999999996,0.69165,7.7976467241008445,14.10634608256418,20.7678163114885
2016-10-18,7.801067908115365,14.307292930731254,20.891872744478427,86.15,2.08325,-0.13849999999999996,0.41665,7.801067908115365,14.307292930731254,20.891872744478427
2016-10-19,7.864083844978932,14.228212308082288,20.604120637579758,86.15,1.416625,-0.13849999999999996,0.283325,7.864083844978932,14.228212308082288,20.604120637579758
2016-10-20,7.848996748910152,14.286460268647087,20.654768637867445,86.15,0.458125,-0.13849999999999996,0.091625,7.848996748910152,14.286460268647087,20.654768637867445
2016-10-21,7.772258854506383,14.310092099979517,20.76025209603223,86.15,0.166625,-0.13849999999999996,0.033325,7.772258854506383,14.310092099979517,20.76025209603223
2016-10-22,7.789125711597826,14.233234577702392,20.6909116396501,86.15,1.208375,-0.13849999999999996,0.241675,7.789125711597826,14.233234577702392,20.6909116396501
2016-10-23,7.889557255833565,14.325076579038955,20.712143099662317,86.15,2.0,-0.13849999999999996,0.4,7.889557255833565,14.325076579038955,20.712143099662317
2016-10-24,7.742871737280222,14.222387896557912,20.817274597694343,86.15,3.041875,-0.13849999999999996,0.608375,7.742871737280222,14.222387896557912,20.817274597694343
2016-10-25,7.872618176807714,14.25077847201331,20.796026778070157,86.15,5.12475,-0.13849999999999996,1.02495,7.872618176807714,14.25077847201331,20.796026778070157
2016-10-26,7.833806618164492,14.389392728359821,20.80648463576293,86.15,4.75025,-0.13849999999999996,0.9500500000000001,7.833806618164492,14.389392728359821,20.80648463576293
2016-10-27,7.785786091764818,14.386002316775759,20.71165376215632,86.15,3.875,-0.13849999999999996,0.775,7.785786091764818,14.386002316775759,20.71165376215632
2016-10-28,7.8172889825805205,14.205840078932312,20.47308997072373,86.15,3.083375,-0.13849999999999996,0.6166750000000001,7.8172889825805205,14.205840078932312,20.47308997072373
2016-10-29,7.713665488871381,14.297973923333375,20.704803458580066,86.15,3.666625,-0.13849999999999996,0.733325,7.713665488871381,14.297973923333375,20.704803458580066
2016-10-30,7.823035475530016,14.349166738641047,20.716427836688254,86.15,3.08325,-0.13849999999999996,0.61665,7.823035475530016,14.349166738641047,20.716427836688254
2016-10-31,7.769251916555909,14.260683670558405,20.999025231498354,86.15,2.0,-0.13849999999999996,0.4,7.769251916555909,14.260683670558405,20.999025231498354
2016-11-01,7.807593658769757,14.298325301657126,20.598965463858498,78.58,2.41675,-0.21420000000000003,0.48335,7.807593658769757,14.298325301657126,20.598965463858498
2016-11-02,7.797816695812709,14.261284857863883,20.79296498707269,78.58,2.6667500000000004,-0.21420000000000003,0.5333500000000001,7.797816695812709,14.261284857863883,20.79296498707269
2016-11-03,7.818034678852017,14.34816866619732,20.628779788052217,78.58,3.0835,-0.21420000000000003,0.6167,7.818034678852017,14.34816866619732,20.628779788052217
2016-11-04,7.739398455955263,14.287541763525288,20.834730258768598,78.58,0.91675,-0.21420000000000003,0.18334999999999999,7.739398455955263,14.287541763525288,20.834730258768598
2016-11-05,7.722796192303141,14.401099591568055,20.649692612464563,78.58,0.375,-0.21420000000000003,0.075,7.722796192303141,14.401099591568055,20.649692612464563
2016-11-06,7.7485234158242315,14.238671301541538,20.56608517573508,78.58,1.08325,-0.21420000000000003,0.21665,7.7485234158242315,14.238671301541538,20.56608517573508
2016-11-07,7.854795068877945,14.083038564638871,20.73049885761607,78.58,0.7501249999999999,-0.21420000000000003,0.150025,7.854795068877945,14.083038564638871,20.73049885761607
2016-11-08,7.832689745855911,14.29426290210445,20.783734816557995,78.58,0.416625,-0.21420000000000003,0.08332500000000001,7.832689745855911,14.29426290210445,20.783734816557995
2016-11-09,7.794909187509332,14.293188261829192,21.035965380725653,78.58,1.500125,-0.21420000000000003,0.300025,7.794909187509332,14.293188261829192,21.035965380725653
2016-11-10,7.866396129481865,14.266177183519577,20.848227979998487,78.58,2.708375,-0.21420000000000003,0.541675,7.866396129481865,14.266177183519577,20.848227979998487
2016-11-11,7.824031124271115,14.287119520208261,20.84168959475946,78.58,2.375,-0.21420000000000003,0.475,7.824031124271115,14.287119520208261,20.84168959475946
2016-11-12,7.78015690533796,14.246022192711937,20.622312294100336,78.58,3.25,-0.21420000000000003,0.65,7.78015690533796,14.246022192711937,20.622312294100336
2016-11-13,7.775169876773737,14.188271271490349,20.618816588407334,78.58,3.5417500000000004,-0.21420000000000003,0.70835,7.775169876773737,14.188271271490349,20.618816588407334
2016-11-14,7.785146451091854,14.199912480827766,20.576531755564844,78.58,2.33325,-0.21420000000000003,0.46665,7.785146451091854,14.199912480827766,20.576531755564844
2016-11-15,7.809258005127637,14.249879079052118,20.676167631139524,78.58,1.6665,-0.21420000000000003,0.33330000000000004,7.809258005127637,14.249879079052118,20.676167631139524
2016-11-16,7.812161057629516,14.363901594398305,20.80126547846309,78.58,0.91675,-0.21420000000000003,0.18334999999999999,7.812161057629516,14.363901594398305,20.80126547846309
2016-11-17,7.8703203994151805,14.09689862494537,20.76827719802856,78.58,0.62475,-0.21420000000000003,0.12495,7.8703203994151805,14.09689862494537,20.76827719802856
2016-11-18,7.7818065286640055,14.325509322704498,20.74651472460343,78.58,0.499875,-0.21420000000000003,0.09997500000000001,7.7818065286640055,14.325509322704498,20.74651472460343
2016-11-19,7.862181571644275,14.209529026990728,20.753621129280933,78.58,0.25,-0.21420000000000003,0.05,7.862181571644275,14.209529026990728,20.753621129280933
2016-11-20,7.739916260029459,14.344596748985417,20.862363390672524,78.58,0.5,-0.21420000000000003,0.1,7.739916260029459,14.344596748985417,20.862363390672524
2016-11-21,7.848257204256828,14.249920076310964,20.70854383201259,78.58,1.333375,-0.21420000000000003,0.266675,7.848257204256828,14.249920076310964,20.70854383201259
2016-11-22,7.7697500139746705,14.1474508877707,20.900528215951248,78.58,2.166625,-0.21420000000000003,0.43332499999999996,7.7697500139746705,14.1474508877707,20.900528215951248
2016-11-23,7.8382815359904034,14.203601010254394,20.917600736336084,78.58,2.250125,-0.21420000000000003,0.450025,7.8382815359904034,14.203601010254394,20.917600736336084
2016-11-24,7.822164023469015,14.375264624528588,20.930229829628956,78.58,3.4167500000000004,-0.21420000000000003,0.6833500000000001,7.822164023469015,14.375264624528588,20.930229829628956
2016-11-25,7.9217580189559555,14.334914245098423,21.106511052373488,78.58,3.95825,-0.21420000000000003,0.79165,7.9217580189559555,14.334914245098423,21.106511052373488
2016-11-26,7.7701682080627705,14.198501298959352,20.697328782761975,78.58,2.5,-0.21420000000000003,0.5,7.7701682080627705,14.198501298959352,20.697328782761975
2016-11-27,7.7529027156712385,14.243875007319229,20.747911096722223,78.58,2.041625,-0.21420000000000003,0.40832499999999994,7.7529027156712385,14.243875007319229,20.747911096722223
2016-11-28,7.784381312439363,14.241809803184879,20.83769687485437,78.58,1.875,-0.21420000000000003,0.375,7.784381312439363,14.241809803184879,20.83769687485437
2016-11-29,7.832376480179026,14.348862239172654,20.82097937664636,78.58,1.208375,-0.21420000000000003,0.241675,7.832376480179026,14.348862239172654,20.82097937664636
2016-11-30,7.709947274105424,14.311141484434453,20.92790164961509,78.58,0.6248750000000001,-0.21420000000000003,0.12497500000000002,7.709947274105424,14.311141484434453,20.92790164961509
2016-12-01,7.755673398989225,14.207702853168096,20.87171510324367,75.29,0.5,-0.24709999999999993,0.1,7.755673398989225,14.207702853168096,20.87171510324367
2016-12-02,7.822852172151539,14.298422000082432,20.54876243355434,75.29,0.833375,-0.24709999999999993,0.166675,7.822852172151539,14.298422000082432,20.54876243355434
2016-12-03,7.866646089883036,14.36215005718539,20.742923683030927,75.29,0.33325,-0.24709999999999993,0.06665,7.866646089883036,14.36215005718539,20.742923683030927
2016-12-04,7.8556443712795385,14.32157635565697,20.794414786760697,75.29,0.166625,-0.24709999999999993,0.033325,7.8556443712795385,14.32157635565697,20.794414786760697
2016-12-05,7.782577644077913,14.258093432831968,20.978723179230705,75.29,0.875,-0.24709999999999993,0.175,7.782577644077913,14.258093432831968,20.978723179230705
2016-12-06,7.850868107940374,14.263408660561195,20.84432309161658,75.29,1.583125,-0.24709999999999993,0.316625,7.850868107940374,14.263408660561195,20.84432309161658
2016-12-07,7.822870976180331,14.32086164900483,20.739959656205542,75.29,2.0835,-0.24709999999999993,0.41669999999999996,7.822870976180331,14.32086164900483,20.739959656205542
2016-12-08,7.80555987435579,14.299332944680446,20.846356890015326,75.29,3.458375,-0.24709999999999993,0.691675,7.80555987435579,14.299332944680446,20.846356890015326
2016-12-09,7.899585977737855,14.274548017143132,20.882695692154062,75.29,3.6251250000000006,-0.24709999999999993,0.7250250000000001,7.899585977737855,14.274548017143132,20.882695692154062
2016-12-10,7.860679887325975,14.204856792080255,20.806617225956515,75.29,3.0,-0.24709999999999993,0.6,7.860679887325975,14.204856792080255,20.806617225956515
2016-12-11,7.772589519760323,14.305363960961593,20.677669248443436,75.29,2.791625,-0.24709999999999993,0.558325,7.772589519760323,14.305363960961593,20.677669248443436
2016-12-12,7.78151875710089,14.35901606629384,20.782193547910214,75.29,1.249875,-0.24709999999999993,0.249975,7.78151875710089,14.35901606629384,20.782193547910214
2016-12-13,7.924217074404928,14.29908609907054,20.83735223899512,75.29,0.875,-0.24709999999999993,0.175,7.924217074404928,14.29908609907054,20.83735223899512
2016-12-14,7.785836703180042,14.37359817517051,20.838883475254587,75.29,0.875,-0.24709999999999993,0.175,7.785836703180042,14.37359817517051,20.838883475254587
2016-12-15,7.78622757351368,14.312354070725661,20.886572181051214,75.29,0.416625,-0.24709999999999993,0.08332500000000001,7.78622757351368,14.312354070725661,20.886572181051214
2016-12-16,7.83589790100739,14.218257838169645,20.917533669912263,75.29,0.291625,-0.24709999999999993,0.058325,7.83589790100739,14.218257838169645,20.917533669912263
2016-12-17,7.796393495920529,14.402624964097853,20.858496543806247,75.29,1.124875,-0.24709999999999993,0.224975,7.796393495920529,14.402624964097853,20.858496543806247
2016-12-18,7.873254301751965,14.335208019085403,20.66906920195364,75.29,1.875,-0.24709999999999993,0.375,7.873254301751965,14.335208019085403,20.66906920195364
2016-12-19,7.796282508118119,14.391714098998126,20.885391124775243,75.29,1.208375,-0.24709999999999993,0.241675,7.796282508118119,14.391714098998126,20.885391124775243
2016-12-20,7.765244745871081,14.217145930348648,20.75016924868724,75.29,1.333375,-0.24709999999999993,0.266675,7.765244745871081,14.217145930348648,20.75016924868724
2016-12-21,7.862899499702712,14.337940947075781,20.797903648142288,75.29,3.20825,-0.24709999999999993,0.64165,7.862899499702712,14.337940947075781,20.797903648142288
2016-12-22,7.823896034725992,14.37727093365292,21.020478639014115,75.29,3.5,-0.24709999999999993,0.7,7.823896034725992,14.37727093365292,21.020478639014115
2016-12-23,7.832743919091634,14.228213414936148,20.764456664477155,75.29,3.375,-0.24709999999999993,0.675,7.832743919091634,14.228213414936148,20.764456664477155
2016-12-24,7.819762958758026,14.338505252776685,20.796130928152195,75.29,2.625,-0.24709999999999993,0.525,7.819762958758026,14.338505252776685,20.796130928152195
2016-12-25,7.7801523084240785,14.316295662254449,20.6650522071659,75.29,3.375,-0.24709999999999993,0.675,7.7801523084240785,14.316295662254449,20.6650522071659
2016-12-26,7.856377071146702,14.246770481435334,20.80646546454385,75.29,3.458375,-0.24709999999999993,0.691675,7.856377071146702,14.246770481435334,20.80646546454385
2016-12-27,7.773386885441081,14.301840859411616,20.850562970588573,75.29,2.416625,-0.24709999999999993,0.48332499999999995,7.773386885441081,14.301840859411616,20.850562970588573
2016-12-28,7.7772307950859565,14.394675824781922,20.794121077502965,75.29,1.25,-0.24709999999999993,0.25,7.7772307950859565,14.394675824781922,20.794121077502965
2016-12-29,7.862972435301544,14.461649220139988,20.992970960785115,75.29,1.0415,-0.24709999999999993,0.2083,7.862972435301544,14.461649220139988,20.992970960785115
2016-12-30,7.88043081612089,14.270293625574391,20.943692705449145,75.29,0.541625,-0.24709999999999993,0.108325,7.88043081612089,14.270293625574391,20.943692705449145
2016-12-31,7.942568410625143,14.267866425349903,20.925856879125995,75.29,2.541625,-0.24709999999999993,0.5083249999999999,7.942568410625143,14.267866425349903,20.925856879125995
